Allele,D3S1358,D1S1656,D2S441,D10S1248,D13S317,PentaE,D16S539,D18S51,D2S1338,CSF1PO,PentaD,TH01,vWA,D21S11,D7S820,D5S818,TPOX,D8S1179,D12S391,D19S433,FGA,D22S1045
4,,,,,,,,,,,,,,,,,,,,"0,0005",,
5,,,,,,"0,0413",,,,,"0,0013","0,0003",,,,,,,,,,
6,,,,,"0,0001",,,,,,"0,0007","0,1291",,,"0,0001",,"0,0001",,,,,
7,,,,,"0,0012","0,0028","0,0001","0,0001",,"0,0068","0,0364","0,3221",,,"0,0116","0,0321","0,0007",,,,,
"7,2",,,,,,,,,,,,"0,0001",,,,,,,,,,
"7,4",,,,,,,,,,,"0,0005",,,,,,,,,,,
8,,"0,0005","0,0001","0,0003","0,3479","0,0025","0,0024",,,"0,0006","0,0645","0,0602",,,"0,1629","0,0013","0,5802","0,002",,,,
"8,1",,"0,0001",,,,"0,0002",,,,,,,,,"0,0001",,,,,,,
9,,"0,0001","0,0023",,"0,133","0,0114","0,2247","0,0005",,"0,0354","0,3445","0,3747",,,"0,0637","0,0613","0,0995","0,0007",,"0,0072",,
"9,1",,,"0,0145",,,,,,,,,,,,"0,0083",,,,,,,
"9,2",,,,,,,,,,,,,,,"0,0002",,,,,,,
"9,3",,,,,,,,,,,,"0,046",,,,,,,,,,
10,,"0,0018","0,2178","0,0005","0,1245","0,0498","0,1291","0,0012",,"0,1949","0,1463","0,0656",,,"0,166","0,2438","0,0358","0,155",,"0,0002",,
"10,1",,,"0,0013",,,,,,,,,,,,"0,0008",,,,,,,
11,"0,0002","0,0754","0,2951","0,0025","0,2138","0,2551","0,2816","0,0078",,"0,2793","0,1275","0,0018",,,"0,3602","0,2693","0,264","0,1338",,"0,0036",,"0,1667"
"11,1",,,,,,,,,,"0,0002",,,,,"0,001",,,,,,,
"11,2",,,,,,,,,,,"0,0032",,,,"0,0001",,,,,"0,0005",,
"11,3",,,"0,1271",,,,"0,0002",,,,,,,,,,,,,,,
12,"0,0007","0,0436","0,1691","0,0609","0,1389","0,1205","0,2447","0,0618",,"0,3894","0,1343",,"0,0005",,"0,191","0,2224","0,0186","0,1268",,"0,0467",,"0,0013"
"12,1",,,,,,,,,,,,,,,,"0,0006",,,,,,
"12,2",,,,,,,,,,,,,,,,,,,,"0,0037",,
"12,3",,,"0,002",,,,,,,,,,,,,,,,,,,
13,"0,0024","0,0972","0,0163","0,3448","0,0321","0,0544","0,0957","0,1414","0,0001","0,0775","0,0958",,"0,0003",,"0,0304","0,1539","0,001","0,159",,"0,2531","0,0003","0,003"
"13,1",,,,,,,,"0,0001",,,,,,,,,,,,,,
"13,2",,,,,,,,"0,0001",,,,,,,,,,,,"0,0425",,
"13,3",,,"0,0001",,,,,,,,,,,,,,,,,,,
14,"0,0337","0,0873","0,1439","0,2382","0,0083","0,0893","0,0208","0,2006",,"0,0132","0,0332",,"0,2676",,"0,0033","0,014",,"0,1612",,"0,2593",,"0,0361"
"14,1",,,"0,0001",,,,,,,,,,,,,,,,,,,
"14,2",,,,,,,,,,,,,,,,,,,,"0,1087",,
"14,3",,"0,0001",,,,,,,,,,,,,,,,,,,,
15,"0,3102","0,2994","0,0097","0,2231","0,0003","0,0701","0,0006","0,2228",,"0,0023","0,0074",,"0,0293",,"0,0001","0,0013",,"0,1664","0,0116","0,0699",,"0,3104"
"15,2",,,,,,,,,,,,,,,,,,,,"0,155",,
"15,3",,"0,0029",,,,,,,,,,,,,,,,,,,,
"15,4",,,,,,"0,0001",,,,,,,,,,,,,,,,
16,"0,3575","0,1948","0,0005","0,1034",,"0,0662",,"0,1585","0,02","0,0002","0,0037",,"0,1568",,,,,"0,0737","0,0048","0,0098","0,0021","0,2208"
"16,2",,,,,,,,,,,,,,,,,,,,"0,035",,
"16,3",,"0,0082",,,,,,,,,,,,,,,,,,,,
17,"0,2269","0,0766",,"0,024",,"0,0592",,"0,0629","0,1096",,"0,0002",,"0,231",,,,,"0,0171","0,0687","0,0006","0,0007","0,2321"
"17,2",,,,,,,,,,,,,,,,,,,,"0,0033",,
"17,3",,"0,0723",,,,,,,,,,,,,,,,,"0,0002",,,
"17,4",,,,,,"0,0005",,,,,,,,,,,,,,,,
18,"0,0617","0,0161",,"0,0023",,"0,0542",,"0,0385","0,0718",,"0,0001",,"0,2102",,,,,"0,0039","0,1977",,"0,0115","0,0277"
"18,2",,,,,,,,,,,,,,,,,,,,"0,0005","0,0001",
"18,3",,"0,0185",,,,,,,,,,,,,,,,,"0,0005",,,
"18,4",,,,,,"0,0015",,,,,,,,,,,,,,,,
19,"0,0064","0,0029",,,,"0,0411",,"0,0368","0,2215",,"0,0005",,"0,0866",,,,,"0,0005","0,1944",,"0,0801","0,0013"
"19,1",,,,,,,,"0,0001",,,,,,,,,,,,,,
"19,3",,"0,0023",,,,,,,,,,,,,,,,,"0,0001",,,
20,"0,0003","0,0001",,,,"0,0301",,"0,0258","0,1079",,,,"0,0162",,,,,,"0,187",,"0,0569","0,0007"
"20,2",,,,,,,,,,,,,,,,,,,,,"0,0008",
21,,,,,,"0,0183",,"0,0243","0,04",,,,"0,0013",,,,,,"0,1261",,"0,1616",
"21,2",,,,,,,,,,,,,,,,,,,,,"0,0148",
"21,3",,,,,,,,,,,,,,,,,,,,,,
"21,4",,,,,,"0,0001",,,,,,,,,,,,,,,,
22,,,,,,"0,0156",,"0,009","0,0438",,,,"0,0001",,,,,,"0,0985",,"0,197",
"22,2",,,,,,"0,0001",,,,,,,,,,,,,,,"0,0118",
23,,,,,,"0,0094",,"0,004","0,1711",,,,,,,,,,"0,0746",,"0,1416",
"23,2",,,,,,,,,,,,,,,,,,,,,"0,0133",
24,,,,,,"0,0035",,"0,0024","0,1498",,,,,,,,,,"0,0239",,"0,1427",
"24,2",,,,,,,,,,,,,,,,,,,,,"0,0136",
25,,,,,,"0,0023",,"0,0009","0,0579",,,,,,,,,,"0,0107",,"0,08",
"25,2",,,,,,,,,,,,,,,,,,,,,"0,0078",
"25,3",,,,,,,,,,,,,,,,,,,,,"0,0006",
26,,,,,,"0,0005",,,"0,0058",,,,,"0,0021",,,,,"0,0013",,"0,0435",
"26,1",,,,,,,,,"0,0001",,,,,,,,,,,,,
"26,2",,,,,,,,,,,,,,,,,,,,,"0,0024",
27,,,,,,,,,"0,0006",,,,,"0,0023",,,,,,,"0,0151",
"27,2",,,,,,,,,,,,,,,,,,,,,"0,0007",
28,,,,,,,,"0,0002",,,,,,"0,0535",,,,,,,"0,0008",
"28,2",,,,,,,,,,,,,,"0,0015",,,,,,,,
29,,,,,,,,,,,,,,"0,2587",,,,,,,,
"29,2",,,,,,,,,,,,,,"0,0005",,,,,,,,
"29,3",,,,,,,,,,,,,,"0,0006",,,,,,,,
30,,,,,,,,,,,,,,"0,2598",,,,,,,,
"30,2",,,,,,,,,,,,,,"0,0225",,,,,,,,
"30,3",,,,,,,,,,,,,,"0,0025",,,,,,,,
31,,,,,,,,,,,,,,"0,0694",,,,,,,,
"31,2",,,,,,,,,,,,,,"0,0795",,,,,,,,
32,,,,,,,,,,,,,,"0,0262",,,,,,,,
"32,1",,,,,,,,,,,,,,,,,,,,,"0,0001",
"32,2",,,,,,,,,,,,,,"0,1622",,,,,,,,
33,,,,,,,,,,,,,,"0,0035",,,,,,,,
"33,2",,,,,,,,,,,,,,"0,0469",,,,,,,,
34,,,,,,,,,,,,,,"0,0013",,,,,,,,
"34,2",,,,,,,,,,,,,,"0,0056",,,,,,,,
35,,,,,,,,,,,,,,"0,0001",,,,,,,,
"35,2",,,,,,,,,,,,,,"0,0013",,,,,,,,
